MOTIVO_NOVEDAD,ETIQUETA;;;;;
cambio de institución educativa,cambio de institucion;;;;;
por error se acepto y era rechazar la solicitud de la novedad de retiro voluntario registrada por el aprendiz según acta no 089 del 1 de agosto de 2023 porque pertenece al programa de articulación,problemas administrativos ;;;;;
según la solicitud no 7-2022-19 se realiza retiro voluntario del proceso de formación a petición del aprendiz con sanción cero pertenece al programa de integración con la media,causas desconocidas;;;;;
no tuve mucho agrado al programa y por motivos academicos ,falta de interes en el programa;;;;;
motivos personales ,personal sin causa;;;;;
no tuve mucho agrado por el programa y pues motivos personales y academicos ,falta de interes en el programa;;;;;
motivos laborales,Laboral sin causa;;;;;
solicitud aplazamiento,causas desconocidas;;;;;
solicito mi retiro voluntario por traslado de la empresa donde trabajo no me queda tiempo para asistir a la formación,cruce academico laboral;;;;;
por favor tener en cuenta que mi petición es ingresar en la  nueva ficha que inicie en el proximo año,causas desconocidas;;;;;
retiro por motivos personales ,personal sin causa;;;;;
calamidad domestica ,problemas familiares;;;;;
no tenia los medios economicos para transporte,dificultad transporte;;;;;
por motivos de salud psicologica no puedo seguir con la formacion y por ende tampoco con el contrato de aprendizaje,problemas de salud mental;;;;;
madre cabeza de hogar y no me da el tiempo para cumplir con los horarios ,carga familiar;;;;;
de antemano pido excusar pero desafortunadamente debo retirarme del técnico porque el horario de formación al ser en la tarde al terminar la clase se me dificulta encontrar una ruta de transporte ya que a esa hora ya no encuentro ningún medio de transporte público agradezco la atención prestada,dificultad transporte;;;;;
solicito mi retiro voluntario debido aque el pasado 21 de noviembre me realizaron una cirugia en la nariz y me dieron 12 dia de incapacidad y no pude realizar el proceso de inducion,problemas de salud publica;;;;;
realizo el retiro voluntario debido a que no logre organizar los tiempos con las exigencias de mi actual trabajo espero en una proxima oportunidad seguir con cadena de formacion  gracias por la oportunidad,cruce academico laboral;;;;;
no entendí nada,dificultad en las materias;;;;;
fallas reiteradas al proceso de formacion ,falta de interes en el programa;;;;;
motivos personales ,personal sin causa;;;;;
me retiro por el motivo de que el desplazamiento hacia el sena me que muy dificil ya que se me dificulta por los peligros en la via ,dificultad transporte;;;;;
viaje fuera del pais,Mudanza;;;;;
el motivo de que deseo estudiar un programa de mecánica automotriz,falta de interes en el programa;;;;;
programa equivocado,falta de interes en el programa;;;;;
voy entrar a la universidad  ya que mi puntaje me lo permite y puede brindarme otras oportunidades ,cambio de institucion;;;;;
problemas personales y de salud,personal sin causa;;;;;
me queda muy dificil porque muchas veces no tengo para el pasaje por eso aga el retiro muchas gracias,problemas economicos;;;;;
motivo de mi retiro es por la alteracion del orden publico que se genera en mondomo,alteracion del orden publico;;;;;
problemas economicos,problemas economicos;;;;;
por motivos de que no me enteré del inicio de la formación,desconocimiento del programa;;;;;
falta de tiempo para seguir con la formacion,horarios incompatibles;;;;;
el motivo por el cual me encuentro internado porque me diagnosticaron con squisofrenia vipolaridad y estoy siendo medicado,problemas de salud mental;;;;;
se me cruza con el horario de trabajo ,cruce academico laboral;;;;;
solicito aplazamiento de la formacion  por problemas de salud de mi madre ,carga familiar;;;;;
por cambio de ciudad de recidencia,Mudanza;;;;;
no puedo continuar  por motivo del horario ya que en este se me cruza con mi trabajo diario,cruce academico laboral;;;;;
por motivos de ingreso a la universidad para estudiar derecho muchas gracias por la oportunidad,cambio de institucion;;;;;
se me presento un accidente domestico en la rodilla por cortada profunda se me cogieron puntos y a la semana se debian retirar pero mi herida no habia sanado esto ocurrio una semana antes de iniciar mi proceso formativo en el programa elaboracion de audiovisuales actualmente estoy en recuperacion que ha sido lenta y con dificultades con curaciones parciales por parte de enfermera particular y aun no puedo caminar se tiene estimado que a casi completar un mes puedo estar recuperado totalmente yo me encuentro muy interesado en seguir con el proceso formativo pero me atrasaria mucho y por tal motivo quiero que por favor aplacen mi programa y poder esperar la ficha que proximamente inicie,problemas de salud publica;;;;;
"el motivo que me ha llevado a tomar la decisión de abandonar mi formación es porque el programa no cumplió con mis expectativas al contrario me desmotivo a tal punto de llegar a frustrarme a nivel personal y  profesional pues siendo objetivo es un programa que desde mi experiencia no funciona de manera virtual no hay indicaciones concisas no hay una preparación de las clases hay temas que son muy complejos y densos que no están siendo asumidos y explicados por el instructor lo cual deja como resultado muchos vacíos en la preparación del programa; el contenido del material de formación no esta actualizado no ofrece dinámicas diferentes y/o practicas donde uno pueda encontrar esa conexión creativa y de diseño para mi es muy desafortunado dejar el programa porque soy egresado del sena y es agotador ver como la calidad educativa de la institución a desmejorado    ,13;;;;;;;;;;;;;,falta de interes en el programa";;;;;
cordial saludo infortunadamente he tenido dificultades de tiempo en los últimos 30 días aproximadamente lo cual no me ha permitido cumplir con mis evidencias soy madre cabeza de hogar de dos niños pequeños y he tenido dificultades económicas ya que he perdido mi empleo hace un poco más de ocho meses y hasta julio he podido solucionar pensando que iba a tener otras opciones de ingresos pero hasta hora no me ha salido nada cuento con la seguridad social que me aporta el subsidio de desempleo pero ya se acaba en septiembre adicional a lo económico se ha visto afectado el tiempo disponible para desarrollar mis evidencias no he tenido ese tiempo desde el mes de junio por compromisos inesperados con mis niños de verdad deseo seguir en este programa que me inspira y con el cual quiero formar un emprendimiento para mí por mí y por mis niños y no quiero perder esta oportunidad agradezco una respuesta positiva a mi solicitud quedo atenta muchas gracias,horarios incompatibles;;;;;
buenas noches el motivo del aplazamiento de la formacion es porque necesito llevar acabo un viaje y no voy a contar con el timpo suficiente para dedicarle a la formacion de ante mano me gustaria que otro centro de fomacion me atendiera de manera virtual puede ser bogota o medellin agradezco que me puedan dar una respuesta positiva ante esta solicitud,Mudanza;;;;;
buenas tardes solicito apalzamiento al programa que vengo cursandoya que me encuentro en la semana 35 de gestación pronto me encontrare en licencia de maternidad y retomar una vez culmine mi licencia de maternidad,carga familiar;;;;;
si es posible poder ingresar el 29 de enero poder retomar desde el 2 timestre que fue donde quede ,causas desconocidas;;;;;
motivos personales (dificultades familiares),problemas familiares;;;;;
desde el inicio del programa se me presentaron dificultades personales y los aparatos eléctricos con los que debía ver clase (teléfono)no me funciona vanegas y me atrazaba mucho lo pude solucionar pero luego volvió a fallar y me atrae demasiado no creo que sea justo para el docente ni para mi tampoco seguir con la tecnología por esta razón considero necesario hacer mi retiro voluntario  ,falta de recursos para la comunicacion;;;;;
solicitud de retiro voluntario,causas desconocidas;;;;;
buenos dias por favor solicito aplazamiento ya que en este momento no cuento con el tiempo y economia para seguir tengo una calamidad con mi esposo que se accidento y la verdad no me queda tiempo para realizar ls actividades ya que salgo muy tarde mi trabajao y llego atenderlo a demas yo tambien estoy muy enferma tengo un problema en la columna no me siento capaz de continuar en este momento por eso deseo mejor el aplazaminto mientras salgo de esta situacion porq no me gustaria salirme ya que es lo q deseo estudiar quedo pendiente de sus respuesta muchas gracias por la atencion y colaboracion brindada,carga familiar;;;;;
he aplazado el tecnólogo por falta de dinero para pagar el internet,problemas economicos;;;;;
me encuentro sin conexión a internet debido a un fallo en la zona donde resido y esto me ha dificultado continuar con mi formación,falta de recursos para la comunicacion;;;;;
me van a realizar una cirugia retiro de utero y ovarios,problemas de salud publica;;;;;
hola tengo el agrado de agradecerle al sena por la oportunidad en el programa cursado pero en lo que va de la carrera no he aprendido nada me siento confundida en la practica y el acompañamiento de los docentes es muy pobre me retiro voluntaria mente agardeciendo la oportunidad ,dificultad en las materias;;;;;
falta de tiempo necesariopara realizar el curso,horarios incompatibles;;;;;
no he podido aprender bien asi virtual necesito el tutor presencial por el tipo de carrera deseo volver a estudiar esta misma carrera pero presencial espero me entiendan me disculpo con ustedes ,dificultad en las materias;;;;;
deseo retirarme voluntariamente para poder en un futuro si se me presenta la oportunidad poder volver a algun curso con el sena ,causas desconocidas;;;;;
considero que no he aprendido lo suficiente y deseo iniciar nuevamente con el proceso desde cero,dificultad en las materias;;;;;
el aprendizaje virtual es un proceso complicado más en este programa de formación que es muy práctico,dificultad en las materias;;;;;
cordial saludo hago aquí mi novedad para el retiro voluntario de la formación muchas gracias,causas desconocidas;;;;;
ya se ha enviado la solicitud de traslado,Mudanza;;;;;
cordial saludo por motivos de salud me ha sido imposible desarrollar las actividades de formación actualmente estoy atravesando una fuerte carga laboral que me está afectando física y psicológicamente de diversas formas aspectos que me impiden pasar periodos de tiempo prolongado en exposición a las pantallas adicional a ello realmente me es muy difícil concentrarme y revisar el material pedagógico actualmente asisto a terapia y estoy buscando alternativas para contrarrestar los síntomas físicos que estoy padeciendo no obstante mi interés por este programa de formación se mantiene por lo que solicito un aplazamiento para poder desarrollarlo en un mejor estado y disposición una vez haya mejorado agradezco la atención brindada y ofrezco una disculpa por las molestias generadas ,problemas de salud publica;;;;;
el retiro del programa lo realizo debido a que ingrese atrasada se me dificulta la interaccion con la plataforma y creo que no es posible ponerme al dia con el programa,dificultad en las materias;;;;;
buenas tardes espero poder retomar en 6 meses mi carrera ya que en estos momento estoy sin dinero sin trabajo y con deudas que me imposibilitan la compra de materiales para mi formación gracias ,problemas economicos;;;;;
falta de tiempo necesario para realizar el tecnólogo ,horarios incompatibles;;;;;
el motivo que me ha llevado a tomar la decisión de abandonar mi formación en modalidad virtual es por motivos personales mi deseo inicial era completar exitosamente el programa en cuestión y obtener los conocimientos y habilidades necesarios para mi desarrollo profesional sin embargo me vi enfrentada a circunstancias personales y desafíos académicos que han dificultado significativamente mi progreso en la modalidad virtual de enseñanza donde he visto afectado mi aprendizaje y siento que no estoy aprendiendo como realmente me gustaría aprender las clases son muy cortas y no generan un buen aprendizaje ya que muchas veces no hay clases y se ve reflejado hasta el momento pocos conocimientos en este tecnologo sin embargo estoy al día con las evidencias asignadas pero en realidad estoy inconforme con la virtualidad así que pido encarecidamente que no haya una sanción para poder continuar con mis estudios y seguir formándome profesionalmente,dificultad en las materias;;;;;
solicito el retiro voluntario de la formación agradezco la oportunidad y las clases recibidas sin embargo no cuento con la cantidad de tiemmpo requerida para darle finalizacion de manera exitosa,horarios incompatibles;;;;;
buenas noches  en estos momentos me gustaria aplazar la formacion durante un año puesto que estoy pasando por situaciones muy dificiles laboralmente y personalmente y si es posible me gustaria realizarlo mas adelante presencialmente como me retiro voluntariamente me gustaria saber si esto tiene alguna repercucion mas adelante gracias,personal sin causa;;;;;
el motivo de la presente es con el fin de solicitar el retiro voluntario del programa desarrollo de colecciones para la industria de la moda con ficha: (2834695) en este momento me encuentro viviendo en un municipio en el cual no es fácil el acceso al internet por esto no he podido cumplir con asistencia a las clases y entrega de trabajos correspondientes por lo cual prefiero retirarme y mas adelante tener la oportunidad de volver a inscribirme para continuar con mis estudios  espero no haya inconveniente con esta solicitud y no me vea perjudicada mas adelante para cuando pueda volver a inscribirme ,falta de recursos para la comunicacion;;;;;
en estos momentos me es imposible continuar con la formacion ya que el bebe requiere de toda mi atencion y dedicacion pero mas adelante quiero continuar en esta formacion agradesco su comprecion,carga familiar;;;;;
muchas gracias por la oportunidad brindada creo en la gran institucion sena y no quiero serrar las puertas de poder acceder al estudio ya que tengo un proyecto de estudio diferente enfocado en orta rama del saber y retomar mas adelante con el favor de dios mil bendiciones ,cambio de institucion;;;;;
ascenso en el empleo y la jornada laboral se cruza con la jornada estudiantil 😪😔,cruce academico laboral;;;;;
me dirijo a usted con una solicitud aceptar mi aplazamiento por 3 meses de la carrera tecnológica desarrollo de colecciones para la industria de la moda ficha 2837695 en este momento no cuento con equipo de computo por tanto se me ha hecho imposible hacer la entrega de trabajos de modo oportuno   mi intención es retomar la carrera lo mas pronto posible por tanto agradezco sea tenida en cuenta esta solicitud para poder continuar con la formación y tener tiempo de solucionar un equipo   gracias por la atención prestada       ,falta de recursos para la comunicacion;;;;;
deseo retomar la formacion mas adelante,causas desconocidas;;;;;
no me gusto la metodologia ,calidad de enseñanza;;;;;
no pude seguir asistiendo en las formaciones del ctpi por el transporte que es muy dificil cinseguir por la noche,dificultad transporte;;;;;
buenas tardes  solicitó amablemente mi retiro voluntario por motivos de cuestiones laborales gracias por su colaboración,Laboral sin causa;;;;;
tengo motivos personales mi salud mental en este momento no es la mejor adicional a esto el estres que sufro no me ayuda a tener una buena concentracion para hacer bien las cosas,problemas de salud mental;;;;;
solicito se autorice el retiro voluntario del técnico en elaboracion de audiovisuales número ficha 2711226 por motivos de que el horario nocturno no me favorece porque mi lugar de residencia es muy retirado de las instalaciones del sena y el transporte público es complicado en las noches,dificultad transporte;;;;;
motivos academicos ingreso a la universidad ,cambio de institucion;;;;;
deseo hacer aplazamiento de la ficha ya que antes de comenzar  tuve un grave accidente lo cual me toco faltar un mes y al terminarse la incapacidad cuando ya pude ingresar me encontraba demasiado desorientado por la ausencia de las primeras clases tambien añado que despues del accidente se me ha complicado la situacion economica ya que hasta el dia de hoy no he podido trabajar muchas gracias por su atencion y colaboracion,problemas de salud publica;;;;;
por motivos personal y laborales no puedo continuar con la formación ,personal sin causa;;;;;
por la presente me dirijo a usted para informarle sobre mi decisión de retirarme voluntariamente del cursola razón principal de mi retiro es la falta de tiempo debido a la reciente extensión del horario de clase lamentablemente este cambio me ha imposibilitado continuar con el curso y cumplir con mis obligaciones académicas de manera satisfactoria agradezco la oportunidad de haber podido participar en el curso hasta este momento y lamento tener que retirarme,carga academica excesiva;;;;;
según acta no 006 del 16 de febrero de 2024 se condiciona la matrícula por un mes por motivos actitudinales,clima organizacional negativo;;;;;
por el motivo de que comienzo pasantias como enfermero y los horarios se me cruzan y me queda dificil completar el tecnico asi que decido retirarme voluntariamente,cruce academico laboral;;;;;
problemas economicos y problema de trasporte,problemas economicos;;;;;
motivo: cambio de residencia a otra ciudad ,Mudanza;;;;;
me retiro por el motivo de prestar servicio en la infanteria de marina por el cual no sigo en el tecnico,incorporacion a las fuerzas armadas;;;;;
lastimosamente motivos problemas familiares los cuales no se solucionaran pronto y se me obliga aplazar mis estudios y formación profesional por el momento de antemano les agradezco por la oportunidad que me brindaron en la formación,problemas familiares;;;;;
por motivos de salud no se me permite ejercer la labor en esta área de la electricidad,problemas de salud publica;;;;;
en la ficha actual a la que me hicieron el traslado termina el 09 de abril de 2024 por lo cual no alcanzo a ver lo que me hace falta por ese motivo quiero ingresar a una nueva ficha,problemas administrativos ;;;;;
el motivo de mi retiro se debe a que el programa al que me inscribi no tiene las expectativas que me propuse personalmente,falta de interes en el programa;;;;;
me encuentro estudiando en la universidad y los horarios no me coinciden ya que aquio en ctpi  tengo clase las tardes y en la universidad este semestre tengo 3 dias clases por la tarde y no  podria asistir y cumplir con las horas del programa,cambio de institucion;;;;;
soy consciente de mi discapacidad mi madre desde la matricula y por medio escrito carta  solicitó que por mi situacion de discapacidad habia inclusion y no obtuvimos respuesta la verdad no entiendo los trabajos que me dejan y por orientacion de mi familia quiero ingresar al programa de audiovisuales -fotografia esperare q abran este programa fui feliz el tiempo que estuve  muchas gracias,falta de apoyo academico;;;;;
matriculado a unimayor programa ingenieria informatica- se cruzan los horarios razon por la que debo cancelar programa de formacion en el sena,cambio de institucion;;;;;
tomaré un tiempo para conseguir empleo y solucionar mi situación económica muchas gracias,problemas economicos;;;;;
según acta no 083 del 5 de julio de 2023 se condiciona la matricula por bajo rendimiento académico,falta de interes en el programa;;;;;
según acta no 083 del 5 de julio de 2023 se condiciona la matrícula por un mes por bajo rendimiento académico,falta de interes en el programa;;;;;
con autorización de la coordinación académica se registra la novedad de la aprendiz para finalizar el proceso   según respuesta ciudadana 19-9-2023-001502 de la solicitud no 7-2023-026575 se realiza retiro voluntario del proceso de formación a petición de la aprendiz ,causas desconocidas;;;;;
según acta no 029 del 18 de abril de 2024 se condiciona la matrícula por un mes por bajo rendimiento académico,falta de interes en el programa;;;;;
razón: falta de tiempo para realizar el curso y complicaciones económicas,problemas economicos;;;;;
por motivos de trabajo no me da para continuar con el programa de formación,cruce academico laboral;;;;;
buen día un saludo la presente es para solicitar un aplazamiento ya que actualmente tuve que salir de mi ciudad por motivos económicos y no tengo computador sin embargo ya estoy recogiendo para comprarme uno y continuar así con los estudios ya que no he podido entrar a la plataforma solo descargue los archivos hace un tiempo ya los he estudiado pero no pude entregar las evidencias ya que desde el movil es un poco complicado espero su respuesta gracias,problemas economicos;;;;;
buenos dias por causa de problemas de salud mental porque he tenido problemas de depresion y ansiedad y desempleo no he podido seguir a la fecha con mis estudios el cual yo le iniquè a la profesora que tenía esos problemas mi intensiòn es retomar para la proxima convocatoria asi sea de nuevo yo en ningun moemnto me quiero retirar voluntuariamente como me respondieron en una peticiòn solo es aplazar y empzar de nuevo por favor no vayan a enredar mi pretenciòn yo había adjuntado los documentos que indicaban las visitas al psicologo,problemas de salud mental;;;;;
asuntos personales,personal sin causa;;;;;
se me ha dificultado realizar las actividades debido a mi nuevo horario laboral y el atraso que poseo es muy extenso para ponerme al dia espero poder volver muchas gracias,cruce academico laboral;;;;;
no me gusta la modalidad de estudio,falta de interes en el programa;;;;;
como guarda de seguridad me ha tocado lborar en diferentes contratos incluso fuera de la ciudad en caso de no poder aplazar mi formación entenderé que desistan de mi inscripción  muchas gracias,cruce academico laboral;;;;;
buenos días ante mano pedir disculpas por no completar mi formación analisis y desarrollo de software (2721450) centro de teleinformática y producción industrial  ya que por cuestiones personales y laborales no me pude volver a conectar hasta este momento que ya pude solucionar mis inconvenientes  solicito de manera atenta me ayuden a cancelar el curso anteriormente nombrado para retomarlo mas adelante sin ninguna suspensión ya que antes había informado pero el correo me lo enviaron mucho tiempo después y no tenia acceso al correo ,personal sin causa;;;;;
realizo el retiro voluntario debido a dificultades personales presentadas en este año realmente complicadas para poder continuar con mi proceso de formación,personal sin causa;;;;;
muchas gracias sena mi horario de trabajo no da para continuar estudiando ya estoy muy atrazado,cruce academico laboral;;;;;
buenos días no puedo seguir con la formación ya que se me presentaron inconvenientes personales y familiares gracias por su comprencion,personal sin causa;;;;;
tuve un acv me encuentro en proceso de rehabilitacion y me ha costado ponerme al dia con las actividades,problemas de salud publica;;;;;
con autorización de la coordinación académica se registra la novedad de la aprendiz para finalizar el proceso  según respuesta ciudadana 19-9-2023-004910 de la solicitud no 7-2023-142742 se realiza retiro voluntario del proceso de formación a petición de la aprendiz,causas desconocidas;;;;;
buen día espero se encuentren bien  mediante la presente solicito por favor me autoricen el aplazamiento del tecnologo de analisis y desarrollo de software esto debido a que se me presento una oportunidad laboral los fines de semana y no podria cumplir a cabalidad con los trabajos  se que transcurrido 6 meses podria retomar el tecnologo y sacarle todo el provecho posible  les agradezco su comprencion y quedo atenta ,cruce academico laboral;;;;;
fui seleccionado para cursar una maestría en la universidad de los andes por medio de beca académica la formación es presencial y de dedicación completa por lo que no tendré tiempo para dedicar a la formación titulada virtual ,cambio de institucion;;;;;
problemas de salud fisico y mental tengo poco tiempo para poder estudiar y aplicar correctamente como en el inicio del programa mi horario laboral y estudiantil no me deja desempeñarme correctamente en ningun apartado del curso,cruce academico laboral;;;;;
por motivos laborales y la poca cantidad de tiempo disponible que tengo al momento de salir del trabajo opto por el retiro,cruce academico laboral;;;;;
deseo realizar el retiro voluntario por falta de tiempo necesario para realizar el curso,horarios incompatibles;;;;;
solicito amablemente el retiro voluntario del programa de formacion ya que actualmente por razones laborales no cuento con el tiempo suficiente para desarrollarla gracias,cruce academico laboral;;;;;
buenos dias desafortunadamente debo retirarme de este proceso de formación debido al muy poco tiempo que dispongo muchas gracias por la oportunidad y espero que en un futuro pueda volver a ingresar al proceso ,horarios incompatibles;;;;;
motivos personales y laborales,personal sin causa;;;;;
motivos personales,personal sin causa;;;;;
cordial saludo sena el motivo de mi retiro voluntario  es porque el programa de formacion  no era la  carrera ya que la que yo quiero es el programa de  mantenimiento  y reparaciones de equipos de pc este error fue por falta de experiencia en estudios superiores mil disculpas a la entidad por permitir ser parte de ella ya que la instructora en cargada intento ayudarme para traslado de formacion pero no fue posible,desconocimiento del programa;;;;;
según comunicación electrónica con radicado número 19-9-2023-007967 del 30 de octubre de 2023 a la solicitud con radicado número 7-2023-255483 y acta no 119 del 30 de octubre de 2023 se autoriza el traslado de jornada,horarios incompatibles;;;;;
cambio de domicilio por cambio en contrato familiar desde la ciudad de barbosa(santander) a la ciudad de aguachica(cesar) el anterior encargado del puesto dejo muchas novedades y capacitaciones al personal del cual estoy a cargo adicional mi equipo de computo se encuentra en la anterior ciudad de residencia y en el equipo del trabajo no cuento con autorizacion para realizar evidencias de aprendizaje el tiempo de aplazamiento lo solicito con el fin de poner el orden todos los asuntos laborales y tener en mi actual ciudad todos mis enseres y equipo necesario para continuar con mi proceso de aprendizaje que es necesario para mi trabajo actual  quedo agradecido por ceder el aplazamiento ya que han sido unas semanas muy dificiles para el desarrollo de mis actividades laborales y estudiantiles ,falta de recursos para la comunicacion;;;;;
por motivos laborales no me es posible continuar con el programa,cruce academico laboral;;;;;
por motivos de transporte - hospedaje  ya que no cuento con los recursos necesarios para seguir con el curso y espero que mas adelante pueda solucionar las cuestiones de transporte  y hospedaje pra mas adelante con mi estudio aqui en el sena,dificultad transporte;;;;;
retiro voluntario dela ficha 2821683 por razones de salud hospitalización no me pude presentar alas jornadas muchas gracias por la atención prestada ,problemas de salud publica;;;;;
embarazo de alto riesgo adjunto historia clinica,carga familiar;;;;;
cuento con una discapacidad debido a un fuerte accidente que me impide estar en la ciudad la mayoria de dias ya  que tengo unos controles de mi estado debido a que tuve fuertes suturas hago mi retiro voluntario porque quiero seguir estudiando en el sena  cuando termine mi proceso de recuperación,problemas de salud publica;;;;;
tiene que ver economicamente y el traslado de trabajo de mis padres a otro municipio,problemas economicos;;;;;
solicito retiro voluntario ,causas desconocidas;;;;;
por motivos de salud requiero el retiro de la formación siendo consciente de la sanción que conlleva de 6 meses quedo atento a su respuesta,problemas de salud publica;;;;;
según respuesta ciudadana número 19-9-2023-008323 a la solicitud no 7-2023-236820 se realiza el retiro voluntario del proceso de formación a petición del aprendiz pero la solicitud era para rechazarla,causas desconocidas;;;;;
al no haber una respuesta oportuna por parte de la institución me quedé demaciado atrasado pido retiro nuevamente y esta vez definitivo,problemas administrativos ;;;;;
tuve problemas de salud graves y me tocó mudarme a una casa en el campo y por el sector veredal no llega internet por ningún lado lo cual no me permite continuar con la carrera,problemas de salud publica;;;;;
falta de tiempo y poca organizacion de los docentes,calidad de enseñanza;;;;;
el motivo de mi retiro es que obtuve un puesto de trabajo en el area de la salud y este requiere bastante de mi atención,cruce academico laboral;;;;;
me retiro por motivos de que hace algunos dias los policias dieron una charla que la verdad me intereso bastante y ya tengo familiares que me apoyan a ser policia,cambio de institucion;;;;;
voy a trasladarme de vivienda hacia una zona rural y mo podre seguir asistiendo y por cuestiones economicas de no poder pagar un arriendo,problemas economicos;;;;;
el motivo que me ha llevado la decision de abandonar mi formacion es por problemas de indole laboral ya que actualmente fui trasladado a un area donde el acceso a internet es malo,falta de recursos para la comunicacion;;;;;
debido a un cambio de ciudad y dpto me es imposible en este momento cumplir con las actividades de la formación pedirles el favor del aplazamiento y así pueda en poco tiempo estar desarrollando el tecnólogo muchas gracias,Mudanza;;;;;
agradezco por favor tener en cuenta el aplazamiento lamentablemente se cruzó a última hora con cosntantes viajes por temas laborales lo que ocasionó no poder dedicarle el tiempo correspondiente a la carrera virtual debido a cambio de trabajo,cruce academico laboral;;;;;
debido a temas personales de fuerza mayor deseo manifestar mi retiro voluntario del programa gracias,personal sin causa;;;;;
por medio de la presente solicito por favor el aplazamiento de mis estudios por el tiempo de 6 meses ya que por motivos de cambio de pais no podre estar presente por estos meses gracias ,Mudanza;;;;;
un cordial saludo hago mi retiro voluntario por motivo que debido a mi trabajo no me queda el suficiente tiempo necesario para cumplir con las responsabilidades de la formación gracias por su atención,cruce academico laboral;;;;;
actualmente no cuento con el tiempo suficiente para desarrollar las actividades del curso jornada laboral de turnos rotativos,cruce academico laboral;;;;;
aplazamiento,causas desconocidas;;;;;
buen dia hago la solicitud de retiro voluntario debido a problemas familiares en mi casa es una vivienda familiar heredada de mi abuela pero nuestros primos creen que nosotros no deberiamos vivir en esa casa por lo que nos cambian las cerraduras y llaman a gente extrana para sacarnos las cosas y dejarlas fuera tambien cortan los servicios de internet y agua por lo que hasta que no sepa donde pueda vivir debere dejar la formacion realmente me apena mucho ya que me encantaria estudiar pero esta situacion no me deja por ahora ,problemas familiares;;;;;
por motivos de salud familiar no he podido seguir realizando el estudio ,problemas familiares;;;;;
por motivos de cambio de residencia debo retirarme del programa no sin querer regresar nuevamente cuando la situación me lo permita gracias,Mudanza;;;;;
porque es a distancia y no cuento con los medios,falta de recursos para la comunicacion;;;;;
por motivo que no tengo mis herramientas para trabajar a distancia y porque uno a distancia se le dificulta aprender los cosas,falta de recursos para la comunicacion;;;;;
el motivo de mi retiro es que soy madre soltera y pues en mi trabajo no me dan permisos y pues cuando me inscribí porque decía que la tecnología era virtual y pues por el momento no he podido asistir a clases no a la inducción para una próxima oportunidad estudiaré en sena que se me de la oportunidad en horas de la noche y en piendamo cauca gracias por la oportunidad que me brindaron y estaré pendiente en otra ocasión poder volver a estudiar con ustedes quedo atenta a cualquier novedad de parte del sena,carga familiar;;;;;
buenas tardes hago el retiro voluntario porque voy a desplazarme a vivir a otra ciudad y la modalidad de formación no me permite asistir a las secciones presenciales,Mudanza;;;;;
la verdad es que mi hijo quien me ayudó a inscribirme no tuvo en cuenta la complejidad y compromiso del programa que este conlleva y por tanto también no me siento en condiciones de el manejor de computadores de tiempo y de salud para el seguir el proceso pido excusas sinceras al equipo y la institución que me brindaron una atención impecable y con gran  disponibilidad para cuando termine la sanción procuraré tener más precaución y claridad acerca del curso a inscribir muchas gracias,desconocimiento del programa;;;;;
no tengo ninguna observacion en referencia a la formacion se demuestra que los instructores son personas capacitadas y considero que son muy amables en la atencion de dudas y proporcionar informacion de manera clara sin embargo no puedo continuar con mi proceso de formacion debido a asuntos personales que me involucran por lo cual agradezco su comprension quedaria atento a cualquier novedad que se me notifique,personal sin causa;;;;;
debido a que vivo en piendamo  no he podido desplazarme ya que no cuento con los recursos economico,problemas economicos;;;;;
con autorización de la coordinación académica se registra la novedad de la aprendiz para finalizar el proceso   según respuesta ciudadana 19-9-2023-001504 de la solicitud no 7-2023-026593 se realiza retiro voluntario del proceso de formación a petición de la aprendiz    ,causas desconocidas;;;;;
hago retiro voluntario del programa por motivo de que no me sirve la jornada de la tarde se me facilita más estudiar en la mañana por motivos familiares,horarios incompatibles;;;;;
me retiro por motivos de ingreso a la universidad ,cambio de institucion;;;;;
cordial saludo  buenas tardes coordinacion sena me dirijo ante ustedes por este medio para solicitar mi aplazamiento de formacion academica ya que me encuentro en estado de gestacion y la verdad se me dificulta mucho poder dirigirme hasta mi sitio de formacion ya que resido en timbio cauca y mi punto de formacion es en popayan cuaca por tal motivo pido muy amablemente poder aplazar mi formacion ya que tampoco quiero dejar de estudiar mi unico transporte es una moto y por mi estado actual se me dificulta transportarme en ella diariamente y siendo sincera tampoco me encuentro bien economicamente como para el transporte publico gracias por la atencion prestada atentamente la aprendiz angie fabiana rojas meneses ficha: 2670047 - tec sistemas  cc: 1002963129,carga familiar;;;;;
solicito con urgencia este traslado mi situacion en esto momentos no es la mejor quisera recibir una respuesta lo antes posible muchas gracias,Mudanza;;;;;
me retiro por motivo de incomveniente de la familia porque a mi madre le dieron un empleo en otra ciudad y no tengo familia aca en popayan x esa razon ago la solicitud de retiro,Mudanza;;;;;
buenas tarde lamentablemente por temas de tiempo y de permisos en el trabajo me estaba quedando un poco difícil seguir con mi formación por lo cual en éste momento me retiro pero espero pronto acomodar bien las cosas y poder volver muchas gracias,cruce academico laboral;;;;;
por motivos laborales el horario no me favorecia hago mi retiro voluntario para escojer despues un horario nocturno muchas gracias,cruce academico laboral;;;;;
motivos economico de mis padres ,problemas economicos;;;;;
por medio de presente solicito mi retiro voluntario del programa técnico en sistemas con numero de ficha 2708717 por motivo desinformación y no pude comenzar mis estudios,problemas administrativos ;;;;;
según respuesta ciudadana 19-9-2023-010102 de la solicitud no 7-2023-288880 se realiza retiro voluntario del proceso de formación a petición del aprendiz,causas desconocidas;;;;;
por motivos económicos y laborales,problemas economicos;;;;;
sucede que fuí admitida en el programa de comunicación social en la universidad del cauca aunque cabe destacar que deseo continuar con la formación ya que ofrece una buena calidad educativa y oportunidades laborales así que por el momento la opción que considero mas acertada es el aplazamiento del técnico y retomarlo el próximo año teniendo en cuenta que para el segundo semestre universitario tengo la opción de organizar los horarios para que no se cruzen con la jornada de formación en el sena   muchas gracias por la atención prestada espero su comprensión ,cambio de institucion;;;;;
por motivos de ingreso a la universidad y cruce de horarios no me es posible continuar con el programa,cambio de institucion;;;;;
falta de tiempo debido a mi trabajo que no me permite asistir a clase en el horario en el que estoy laborando,cruce academico laboral;;;;;
según comunicación electrónica con radicado número 19-9-2024-001265 del 23 de febrero de 2024 a la solicitud con radicado número 7-2024-022066 y acta no 003 del 1 de febrero de 2024 se autoriza el traslado de jornada,horarios incompatibles;;;;;
motivo personal,personal sin causa;;;;;
según acta no 016 del 19 de marzo de 2024 se condiciona la matrícula por un mes por bajo rendimiento académico,falta de interes en el programa;;;;;
situacion familiar,personal sin causa;;;;;
por motivos de estudio cruce de horarios con el colegio,horarios incompatibles;;;;;
buenos días para por favor solicitar mi retiro voluntario por motivos personales y de mi seguridad gracias,personal sin causa;;;;;
por motivos de traslado de domicilio no puedo continuar con el programa,Mudanza;;;;;
solicito la colaboración para realizar el trámite de la novedad de retiro voluntario del programa técnico en sistemas  con ficha: 2771498 de caldono - monterilla por motivo de no contar con el tiempo disponible para realizar la formación,horarios incompatibles;;;;;
cordial saludo solicito la colaboración para realizar el trámite de la novedad de retiro voluntario del programa técnico en sistemas  con ficha: 2771498 de caldono - monterilla por motivo de incorporarme al ejecrcito de colombia a prestar el servicio militar y no contar con el tiempo disponible para realizar la formación,incorporacion a las fuerzas armadas;;;;;
por cuestiones personales (me robaron un dinero prestado y me toca hacer la devolucion lo que me implica salirme de la formacion para irme a trabajar),problemas economicos;;;;;
solicito la colaboración para realizar el trámite de la novedad de retiro voluntario del programa técnico en sistemas  con ficha: 2771498 de caldono - monterilla por motivo de no contar con el tiempo disponible para realizar la formación,horarios incompatibles;;;;;
solicito cambio de jornada,horarios incompatibles;;;;;
quiero pedir por favor una prórroga de 6 meses,causas desconocidas;;;;;
definir la libreta militar,incorporacion a las fuerzas armadas;;;;;
deseo solicitar el aplazamiento de la matricula para iniciarlo en un mes cuando se inicie nuevamente el técnico en sistemas debido a calamidad doméstica ya que mi padre que es una persona de la tercera edad ha estado sufriendo problemas de salud y soy yo la encargada de realizar las distintas gestiones y acompañamiento a su proceso sin contar con algún apoyo adicional para poder continuar con mi formación académica en este momento agradezco la comprensión y colaboración ,carga familiar;;;;;
por motivos personales me veo obligada a retirar del técnico en sistemas ,personal sin causa;;;;;
quiero presentar mi retiro al técnico en sistemas por el motivo de que fui admitida en la universidad  del valle en la sede de santander de quilichao y me queda lejos del municipio de morales por tal situación no me puedo presentar a la formación del programa,cambio de institucion;;;;;
hola quiero hacer mi retiro porque me queda complicado asistir a clases gracias,causas desconocidas;;;;;
por motivos personales me veo obligada a retirarme del técnico en sistemas ,personal sin causa;;;;;
buenas noches me retiro porque tengo un familiar enfermo y debo estar pendiente de el gracias,carga familiar;;;;;
según respuesta ciudadana 19-9-2024-000751 de la solicitud no 7-2024-020883 se realiza retiro voluntario del proceso de formación,causas desconocidas;;;;;
por motivo de desplazamiento forzado que viven mis padres,alteracion del orden publico;;;;;
cordial saludo por motivos personales y de trabajo me retiro del curso muchas gracias,personal sin causa;;;;;
hola quisiera retirarme del tecnico en sistemas porque no puedo asistir por otros asuntos personales gracias,personal sin causa;;;;;
me retiro porque no puedo asistir a clases por cuestiones personales,personal sin causa;;;;;
el motivo de mi retiro es or cuestion de horario los das sabados y en cuanto al transporte economicamente se me dificulta asistir en el liceo de humboldt,horarios incompatibles;;;;;
motivos laborales,cruce academico laboral;;;;;
mi retiro es voluntario es por motivo del transporte ,dificultad transporte;;;;;
por motivos economicos y personales debo retirarme de mi actual proceso de formación me excuso por lo anterior espero y aspiro en un futuro poder volver a formarme en esta institución,problemas economicos;;;;;
por motivos familiares los cuales no me permite continuar con el programa establecido,problemas familiares;;;;;
según respuesta ciudadana 19-9-2024-001463 de la solicitud no 7-2024-040987 se realiza retiro voluntario del proceso de formación a petición del aprendiz,causas desconocidas;;;;;
cambio de programa,falta de interes en el programa;;;;;
solicito retiro voluntario por cuestiones de horario laborales ya que el programa es en horario de la mañana y yo estoy en ese horario laborando  ,cruce academico laboral;;;;;
me encuentro en el momento en proceso de rehabilitación a sustancias psioactivas ,personal sin causa;;;;;
de manera atenta y respetuosa me dirijo a ustedes con el fin de expresar mi causa de retiro por problemas laborales y economicos que me inpiden continuar economicamente se me es muy complicado desplazarme de un lugar a otro,cruce academico laboral;;;;;
me retiro por que me reclutaron forzadamente y que por favor me autoricen ingresar a otra ficha,incorporacion a las fuerzas armadas;;;;;
transladacion de ciudad ,Mudanza;;;;;
no me encuentro en el lugar donde se realiza la formacion,academico sin causa;;;;;
se me dificulta seguir con la formacion por motivos de trabajo y que en las noches me queda un poco dificil por la movilidad hacia mi casa,cruce academico laboral;;;;;
solicito respetuosamente el retiro voluntario por motivo de que presento problemas económicos para mi sostenimiento en la ciudad de popayán ya que provengo de la zona rural y la consecución de empleo aún no la consigo,problemas economicos;;;;;
según acta no 030 del 18 de abril de 2024 y resolución no 19-00271 del 26 de abril de 2024 se condiciona la matrícula por un mes por bajo rendimiento académico y disciplinario,falta de interes en el programa;;;;;
por motivo que estoy reportado por inasistencia solicito mi retiro voluntario para que la sanciòn solo sea de 6 meses,falta de interes en el programa;;;;;
por temas de salud,problemas de salud publica;;;;;
motivo de viaje y la carrera no tiene nada que ver con mi trabajo y mis gustos,desconocimiento del programa;;;;;
no puedo asistir a la formación,causas desconocidas;;;;;
dado el nombre de la ficha técnico en ensamble y mantenimiento de equipos electrónicos creí que el mismo estaría orientado al mantenimiento preventivo y correctivo de equipos electrónicos y que este sería más técnico pero al pasar el tiempo y al avanzar en el pensum académico me doy cuenta que el mismo está orientado solo a la parte electrónica de equipos de automatización industrial y que esta mas encaminado a la parte de ingeniería (diseño y programación) siendo no un programa técnico sino más bien un programa mas catedrático y teórico que es lo requerido en el ámbito de la ingeniería   por el enfoque del programa no me es posible suplir mis necesidades ni aspiraciones en el ambiente laboral al que deseo vincularme en mi propio emprendimiento    ,desconocimiento del programa;;;;;
buen dia lamentablemte no puedo seguir mis estudios ya que no pude seguir viviendo en popayán cauca en este momento me encuentro en jamundí valle del cauca de donde soy agradezco el tiempo por parte del sena gracias,Mudanza;;;;;
solicito retiro voluntario ya que por motivos personales y recursos economicos no pude continuar con el proceso,personal sin causa;;;;;
solicitud retiro voluntario por motivo de trabajo,Laboral sin causa;;;;;
solicitud retiro voluntario del programa de formación por motivo laboral,Laboral sin causa;;;;;
responsabilidad padre cabeza de familia compromiss ajenos en los que necesariamente requeiren de mi presencia y falta de recursos alimentarios y de transporte,carga familiar;;;;;
solicite fue un traslado de la tecnología y lo que me llego fue un correo de cancelación para eso sirve este gobierno y los servidores públicos de este país para salir del paso y no para ayudar a buscar soluciones muchas gracias que viva el cambio amo esta colombia humana,problemas administrativos ;;;;;
retiro del curso por motivo de no conformidad con el contenido de enseñanza o pensum en los primera fase de planeación se tuvo una reunión con el docente para expresar nuestra inconformidad como estudiantes frente a no estar dentro del contenido de enseñanza el uso de herramientas de diseño profesional por lo cual teniamos que usar herramientas gratuitas y de uso común como canva capcut inshot entre otras que se usaban para entregar las evidencias correspondientes de las cuales unos ya teníamos conocimientos básicos de como funcionaban sin embargo estas herramientas al no ser profesionales no permiten calidad en la entrega de productos digitales por lo cual se esperaba aprender en primera instancia de formación el uso de herramientas mas especializadas,calidad de enseñanza;;;;;
la formación brindada no cumple con mis expectativas me imaginé que trabajaría otras cosas,falta de interes en el programa;;;;;
me matricule pero no tuve el tiempo suficiente para realizar mis actividades,falta de interes en el programa;;;;;
buenas tardes debido a una serie de eventos imprevisto de salud y economicos  no he podido avanzar con el curso en estos momentos no cuento con una herramienta para realizar dichas actividades ni con internet en casa  economicamente mis padres no han podido solucionar este inconveniente asi q por estas razones no he realizado mis actividades de antemano agradezco la oportunidad de este curso pero en estos momentos no puedo culminarlo espero mas adelante q termine mis estudios de bachiller pueda ingresar presencialmente al sena gracias ,problemas de salud publica;;;;;
falta de disponibilidad,horarios incompatibles;;;;;
agradezco la oportunidad pero se me daño el computador y no poseo dinero para el arreglo que cuesta 500000 pesos y en mi trabajo no tengo acceso a internet espero volver algún día poder estudiar,problemas economicos;;;;;
por motivos personales,personal sin causa;;;;;
me encuentro muy ocupado por procesos de formacion estoy lleno de proyectos del colegio y no me queda tiempo para poder desarrollar las actividades,carga academica excesiva;;;;;
ninguna,causas desconocidas;;;;;
el motivo es por trabajo no podia cumplir con el horario de estudio,cruce academico laboral;;;;;
cordial saludo por motivos de formación y cruces no puedo continuar en este programa formativo agradezco me realicen el retiro gracias ,horarios incompatibles;;;;;
por motivos de selección a doble convocatoria y opte por la primera opción,falta de interes en el programa;;;;;
solicito retiro voluntario con cero sanción teniendo en cuenta que soy menor de edad y estudiante de articulación con la media,causas desconocidas;;;;;
actualmente me encuentro estudiando y por la lejanía de la sede me es difícil asistir a las clases,dificultad transporte;;;;;
por motivo que entre a trabajar salgo a las 10 de la noche  y no podia asistir a clases,cruce academico laboral;;;;;
me retiro por cuestion de trabajo ya que tengo que trasladarme de ciudad el cual se me dificultad asistir al programa ,cruce academico laboral;;;;;
ingrese a trabajar y el horario no me permite seguir con mi proceso ya que termino tipo 8 0 9 de la noche de trabajar,cruce academico laboral;;;;;
solicitud retiro voluntario,causas desconocidas;;;;;
cordial saludo  respetuosamente pido disculpas debido a que no puedo continuar con el proceso de formación en el sena por situaciones de salud con un familiar que requiere de mi apoyo por el momento de antemano agradezco la atención prestada y acompañamiento eficiente durante el proceso de selección espero poder retomar de nuevo los programas que dicta el sena,carga familiar;;;;;
"solicito su colaboración con el retiro voluntario debido a enfermedad crónica ""lupus"" me impide estar al día con las evidencias ,problemas de salud fisica";;;;;
deseo suspender mi formación en el programa en mención ya que inicialmente quería formarme en análisis y desarollo de software,falta de interes en el programa;;;;;
motivos de trabajo imposible cumplir con tareas y talleres,cruce academico laboral;;;;;
agradezco la oportunidad pero esperaba que almenos hubiese una sesion formativa solo hemos tenido sesiones para explicar las actividades la formacion es 100% autonoma fui estudiante virtual me titule en admon pero habian clases magistrales,calidad de enseñanza;;;;;
por medio de la presente me gustaria hacer el retiro voluntario debido a que no cuento con los recursos de conexion disponibles hasta el momento como una computadora y conexion permanente a internet,falta de recursos para la comunicacion;;;;;
actualmente estoy cursando una carrera y no tengo suficiente tiempo para cumplir con las actividades,horarios incompatibles;;;;;
falta de tiempo y afecciones en salud psicologicas,problemas de salud mental;;;;;
mi retiro es voluntario debido a dificultades personales y falta de conectividad,personal sin causa;;;;;
por cuestion de tiempo no he podido tomar la enseñanza y en el momento me queda muy difícil continuar,horarios incompatibles;;;;;
e presentado problemas de salud y personales por ende motivo no pude conectarme mas espero la comprension de su parte!,personal sin causa;;;;;
buen día solicitó amablemente el retiro voluntario y poder presentarme nuevamente para una próxima convocatoria virtual ya que me envían correo el 11 de abril pidiendo documentos para realizar la matrículaenvío documentación el 12 y me responden el 15 que ya fui matrículadael día 17 de abril me envían un correo donde me dice que ya está habilitado mi usuario para ingreso y ese mismo día me uno a una sección en línea y me percató que el programa en formación empezó el 27 de marzo y ya hay actividades cerradas e iniciadas y aún unas próximas por entregar dónde me encuentro sin previo conocimiento y desorientada de todo lo que se debe realizarsegun mi conocimiento pensé que el 17 empezaba desde cero y ya hay casi un mes de inicio de la carreraagradezco tener en cuenta esta solicitud y no me sancionen y pedir un aplazamiento para una próxima convocatoria virtualenvie mensajes a las tutoras que ví en el muro que han cerrado actividades pero aún no hay una respuesta,problemas administrativos ;;;;;
no pude coordinar tiempo laboral con el estudio me quedo muy pesado  ,cruce academico laboral;;;;;
dificultades de acceso tecnologico,falta de recursos para la comunicacion;;;;;
estuve alrededor de un mes sin computador y por ende tuve un retraso importante en la entrega de las evidencias de las actividades des atrasar se me hizo muy difícil ya que también trabajo por este motivo decido retirarme y   me volveré a presentar en la próxima ocasión ,falta de recursos para la comunicacion;;;;;
retiro voluntario aprendiz,causas desconocidas;;;;;
buena tarde por inconvenientes personales y de salud no puedo seguir en el proceso de aprendizaje al cual estaba matriculado agradezco la oportunidad,personal sin causa;;;;;
no tengo los medios tecnológico para desarrollar la formación ,falta de recursos para la comunicacion;;;;;
problemas personales economicos familiares,personal sin causa;;;;;
la falta de consistencia de los docentes y la plataforma tan lenta hacen que uno se atrase y pierda el hilo de la educacion  demoran demasiado en contratar los instructores al inicio e cada periodo,problemas administrativos ;;;;;
falta de tiempo necesario para realizar el curso,horarios incompatibles;;;;;
hago el retiro ha este programa ya que no he tenido tiempo suficiente para desarrollarlo por estar trabajando,cruce academico laboral;;;;;
cordial saludo la verdad no me gusto el ambiente de formacion virtual siento que envian muchas actividades donde uno se pierde en todo el contenido que debe leer quisiera que hayan mas clases con los instructores porque siento que seria mucho mas productivo ya que con ellos se puede entender de una mejor manera,academico sin causa;;;;;
no puedo continuar mis estudios por problemas personales  y económicos,personal sin causa;;;;;
por cuestion laboral ,Laboral sin causa;;;;;
solicito el retiro voluntario del técnico en ejecución de programas deportivos puesto que por inconvenientes laborales me fue posible continuar con las clases,Laboral sin causa;;;;;
falta de tiempo necesario para realizar el curso,horarios incompatibles;;;;;
se realiza el retiro voluntario debido a que por cuentiones laborales no me es posible asistir en los horarios establecidos para este procesos de formacion,cruce academico laboral;;;;;
solicitud de retiro voluntario por compromisos laborales de carácter inaplazable e indelegable,cruce academico laboral;;;;;
el motivo del retiro se relaciona con el horario que se dicta este técnico debido a que tengo responsabilidad laboral y familiar debido a esto no me es posible asistir,horarios incompatibles;;;;;
cordial saludo  por motivos de viaje no podre realizar el curso  gracias por la atencion brindada,Mudanza;;;;;
no cuento flexibilidad  a los horarios  que son hasta muy denoche y referente  a lo virtual  no cuento con acceso a internet para las clases virtuales y tampoco conectarme 4 horas estar conectado y 2 veces a la semana ,horarios incompatibles;;;;;
el horario  no es asequible para mi hasta muy denoche  y para las materias virtuales  no cuento con internet estable para tomar las clases  ,horarios incompatibles;;;;;
motivos de trabajo,Laboral sin causa;;;;;
cordial saludo por medio del presente me dirijo a ustedes con el fin de solicitar el aplazamiento de mi formación debido a problemas con mi salud las consultas con el médico los procedimientos y cirugías que conlleva el tratamiento  no es posible continuar con la formación sin embargo estoy interesado en continuar en la formación cuando me recupere  muchas gracias,problemas de salud publica;;;;;
por motivos de trabajo y problemas económicos,problemas economicos;;;;;
ingreso a la universidad,cambio de institucion;;;;;
me encuentro en un circunstancia econmica y por lo tanto me dirigí hacia otra ciudad y ya no puedo seguir con el proceso trabajo en jornada continua la cancelación la hago para no ser vetado muchas gracias ,Mudanza;;;;;
según respuesta ciudadana 19-9-2024-001830 de la solicitud no 7-2024-071889 se autoriza el  traslado de centro según acta no 020 del 01 de abril de 2024,Mudanza;;;;;
en la empresa donde trabajo no me permitieron modificar mis horarios para seguir mi formación les agradezco mucho por la oportunidad pero si no trabajo no tengo quien me apoye economicamente,cruce academico laboral;;;;;
por motivos personales por ocupación de puesto de trabajo y no podía asistir continuamente a la formación ,cruce academico laboral;;;;;
realizó mi retiro voluntario por motivos personales y económicos debido a que que tengo 2 hijas y una de ellas sale prácticamente de su horario escolar en la hora que yo debo estarme dirigiendo a mi entorno de aprendizaje el tiempo no es suficiente para dejar con ella todo a el día vivo demaciado lejos  pido por favor tener en cuenta dicha información agradezco la atención,carga familiar;;;;;
me toco conseguir  un trabajo de tiempo completo ,horarios incompatibles;;;;;
me queda muy lejos para asistir al lugar de estudio y además una circunstancia personal debido a donde vivo,dificultad transporte;;;;;
por motivos laborales no puedo continuar con la formación,encontro un trabajo;;;;;
calamidad domestica ,problemas familiares;;;;;
por motivos laborales y cambio de domicilio fuera del pais no me es posible continuar con la formación,encontro un trabajo;;;;;
no me gusto el programa prefiero retirarme y que alguien que realmente quiera estudiar lo haga tambien comence papeleos para una crugia,dificultad en las materias;;;;;
el motivo porel cual me retiro es porque no tengo el suficiente apoyo ecnomico para transportarme hasta el centro de formación,problemas economicos;;;;;
me retiro por problemas económicos,problemas economicos;;;;;
no pude seguir asistiendo porque en estos momentos tengo a mi cargo mis 2 hijas y esposa ella en estos momentos tambien esta estudiendo y me quedo dificil estudiar y trabajar solo medio tiempo ya que los gastos en estos momentos son altos,problemas familiares;;;;;
por motivos de que me gane una beca en brasil para estudiar ingenieria civil,cambio de institucion;;;;;
por motivos personales no puedo asistir a la formación ,personal sin causa;;;;;
retiro por motivos laborales,encontro un trabajo;;;;;
por motivo laboral en otra ciudad por que no ne deja hacer traslado a otra ciudad ,encontro un trabajo;;;;;
calamidad domestica,problemas familiares;;;;;
por un viaje a medellin el cual me coy a vivir alla entocnes por esta razon me retiro del tecnologo de gestion mantenimiento de automotores,Mudanza;;;;;
mi retiro voluntario es por traslado de ciudad por problemas económicos,Mudanza;;;;;
trabajo en formación - motivo de trabajo,encontro un trabajo;;;;;
perdida de mi trabajo lo que me obliga a cambiar los horarios y estos me impiden asistir a mi proceso de formación,perdida laboral;;;;;
soy un aprendiz ya que trabajo los fines de semana por fuera de la ciudad en un pueblo aproximadamente de 4 a 5 horas de camino ya que trabajo dia y en la noche tambien me veo obligada ya que entramos a navidad se me cumplica llegar a la jornada ya que van a haber fiestas y me toca trabajar,encontro un trabajo;;;;;
no puedo asistir a las clases por cuestion de salud espero recuperarme pronto para inscribirme,problemas de salud publica;;;;;
motivos indole familiar me radicare en nueva residencia mas exactamente bogota dc,infraestructura inadecuada;;;;;
me encuentro desarrollando un proceso de enfoque profesional donde verificare mi carrera profesional con la compañia donde me encuentro laboraldo ,Laboral sin causa;;;;;
falta de tiempo,academico sin causa;;;;;
los motivos son por problemas familiares y poca disponibilidad de tiempo  el sena es una gran institucon y me gustaria retomar los estudioa en la entiadd cuando mi situacion mejore pido no se me vete y me permitan en otro tiempo hacer parte de esta entidad  muchas gracias ,problemas familiares;;;;;
falta de tiempo porque estoy laborando,encontro un trabajo;;;;;
no llena mis espectativas de verdad no veo que s enseñe bien a manejar herramientas nuevas que ya salieron de inteligencia artificial,calidad de enseñanza;;;;;
problemas de conexión a internet ,problemas economicos;;;;;
actualmente me encuentro en etapa final de mi carrera universitaria en el programa de ingeniería de software y pues la verdad no me queda mucho tiempo para dedicarle a esta formación en la cual me gusto y me encantó mucho  la experiencia fue muy hermosa pero por falta de tiempo hago este proceso de retiro voluntario  muchas gracias por todo,academico sin causa;;;;;
teniendo en cuenta situaciones laborales en donde me es imposible poder acceder a la plataforma y dedicarle el tiempo que merece   me apena de verdad pero en estos momentos la policía no me ha permitido el espacio ni me encuentro en un lugar optimo ,encontro un trabajo;;;;;
por medio de la presente solicito el retiro de la formación ya que no era lo que yo esperaba para mi profeso profesional  y no me siento comprometida porque no me aporta para mi proyecto ,falta de interes en el programa;;;;;
falta de tiempo,academico sin causa;;;;;
por temas laborales no tengo el tiempo necesario para realizar las actividades,encontro un trabajo;;;;;
por motivo laborales no puedo seguir no tengo el tiempo suficiente,encontro un trabajo;;;;;
por motivos laborales no puedo dedicar mas tiempo a la formacion  ,encontro un trabajo;;;;;
por incomodidad del programa y temas de aprendizaje personales,calidad de enseñanza;;;;;
viajare a otra ciudad por motivo de trabajo los horarios no me dan para continuar de manera presencial,encontro un trabajo;;;;;
el motivo es que estamos en una situacion economica muy mala vivo muy lejos y me queda muy dificil asistir a la formación,problemas economicos;;;;;
es por motivos de fuerza mayor ya que por una calamidad  tengo que desplazarme nuevamente a mi lugar de origen  por este motivo solicito mi retiro voluntario del programa,problemas familiares;;;;;
solicito la colaboración para realizar el trámite de la novedad de retiro voluntario del programa técnico en sistemas teleinformáticos  con ficha: 2923534 - bordo por motivo de cruzarse el horario del técnico con mi formación de bachiller acelerado por dicho motivo no cuento con el tiempo disponible para realizar la formación,horarios incompatibles;;;;;
buenas noches  solicito la colaboración para realizar el trámite de la novedad de retiro voluntario del programa técnico en sistemas teleinformáticos  con ficha: 2923534 del patía (bordo) por motivo no disponer con el tiempo suficiente para realizar la formación,academico sin causa;;;;;
se me cruzan los horarios puesto que empezo  con otra actividad de caracter obligatorio y se me es muy dificil asistir ya que he sido llamada a un trabajo y en el momento es prioritario el ingreso a recursos  para contribuir  al sostenimento familiar y de mi persona,horarios incompatibles;;;;;
buenas tardes realizo retiro voluntario al no haber matriculado el programa en el horario que tengo disponible para estudiar que es después de la jornada laboral erróneamente lo hice en jornada de la tarde pero el espacio de aprendizaje en mi caso sería en horas de la noche y los sábados lamento no poder continuar con esta formación porque se me dificulta estar presencialmente a las clases gracias pro la oportunidad que me brindaron espero poderme matricular nuevamente cordialmente jhon mosquera,cambio de lugar sin causa;;;;;
el motivo de mi renuncia es que se me presento la oportunidad de estudiar en otra institución,cambio de institucion;;;;;
motivo personales- tratamientos medicos,problemas de salud publica;;;;;
acabo de ingresar a la universidad del cauca y los horarios de clase de la universidad se me cruzan con los horarios del sena ya que son en la mañana y no podría cumplir con los resultados de aprendizaje,cruce academico laboral;;;;;
retiro voluntario por seguridad ya que soy lider social y me encuentro amenazado,alteracion del orden publico;;;;;
por motivos de cambio de domicilio en el extranjero por un periodo no mayor a 4 meses deseo aplazar la formación debido a que mi mayor entusiasmo es continuar con ella tan pronto regrese del extranjero,Mudanza;;;;;
retiro por falta de recursos económicos ,problemas economicos;;;;;
cambio de domicilio de mondomo cauca para la ciudad de cali valle motivos de trabajo,Mudanza;;;;;
solicito por favor mi retiro voluntario por motivos personales,personal sin causa;;;;;
recuperacion movilidad de mano derecha por fractura de muñeca,problemas de salud publica;;;;;
retiro voluntario por asuntos personales,personal sin causa;;;;;
se me presento una enfermedad de improvisto me disculpo,problemas de salud publica;;;;;
mi padre y madre enfermaron y requieren atencion y tratamiento de complejidad puesto que cada uno necesita cirugiaen estado delicado,carga familiar;;;;;
no puedo por cuestiones personales ,problemas familiares;;;;;
no me es posible seguir con mi proceso de formacion debido a falta de tiempo por la exigencia de mi trabajo actual deseo participar adelante de otra convocatoria ya que pueda reorganizar mi tiempo en un nuevo empleo mas independiente que me permita acceder a las excelentes ofertas del sena agradezco mucho lo oportunidad lamento mucho no poder seguir,personal sin causa;;;;;
retiro,cruce academico laboral;;;;;
falta de tempo para realizar el curso ,horarios incompatibles;;;;;
deseo aplazar el curso por problemas personales y por cuestión de tiempo ,horarios incompatibles;;;;;
lamantablemente no puedo continuar ya que por problemas personales y economicos no tengo una conectividad estable para desarrollar las actividades de la formacion adicionalmente no cuento con los programas para desarrollas las actividades,personal sin causa;;;;;
me fue imposible continuar por el trabajo y las responsabilidades de la casa,problemas economicos;;;;;
debido al poco tiempo disponible por el trabajo que obtuve posterior a iniciar el programa de formación y al desarrollo de mi emprendimiento gracias infinitas al sena por la posibilidad de aprender y crecer con ustedes a los instructores gracias por su paciencia y dedicación ,cruce academico laboral;;;;;
no cuento con el tiempo necesario para desarrollo del programa,horarios incompatibles;;;;;
buenas tardes espero se encuentren excelente mi retiro es voluntario gracias por la oportunidad de haberme elegido como aprendiz lamentablemente en el método impartido de enseñanza y la misma como tal no me genera curiosidad para seguir avanzado en el programa me siento extenuado cansado y agotado algunas evidencias lógicamente necesitan de un buen tiempo para su correcto desarrollo pero los tiempos propuestos denotan afán no suelo estudiar tampoco laborar de dicha manera gracias ,falta de interes en el programa;;;;;
un saludo por problemas de salud n puedo hacer el curso,problemas de salud publica;;;;;
por motivo de embarazo de alto riesgo,problemas de salud publica;;;;;
el motivo por el cual realizo el aplazamiento es porque no tengo quien cuide a mi hija,carga familiar;;;;;
problemas personales ,personal sin causa;;;;;
me retire ya que tuve un viaje  fuera del pais por temas laborales y me fue imposible retomar ,cruce academico laboral;;;;;
motivos de salud que me impiden continuar ,encontro un trabajo;;;;;
con autorización de la coordinación académica se registra la novedad de la aprendiz para finalizar el proceso,causas desconocidas;;;;;
me serviría el tecnólogo de electricidad industrial que inicie lo más pronto posible en horario de la mañana ya que mi trabajo no meda lugar a estudiar en horas de la tarde y no puedo dejar de  trabajar ya que tengo varias obligaciones que cubrir,horarios incompatibles;;;;;
según acta no 039 del 30 de marzo de 2023 se condiciona la matricula por índole disciplinario por ingreso de sustancias psicoactivas,alteracion del orden publico;;;;;
por motivo de salud - adjunto historia clinica,problemas de salud publica;;;;;
el motivo que me ha llevado a tomar la desicion de abandonar mi formacion es por cambio de domicilio por motivos familiares,Mudanza;;;;;
realizo mi retiro por motivo de ingreso a trabajar y por tiempo no me es posible cumplir con los programas propuestos,encontro un trabajo;;;;;
solicito el retiro voluntario ya que ingrese a la universidad muchas gracias por abrirme las puertas del sena ,cambio de institucion;;;;;
actualmente no cuento con recursos para desplazarme hasta el centro de formación ,problemas economicos;;;;;
por motivos de transporte debido a que vivo muy lejos del lugar donde se orienta el programa y familiares,horarios incompatibles;;;;;
por motivos laborales,cambio de institucion;;;;;
debido a mi situación económica decido aplazar mis estudios mientras puedo estabilizarme económicamente ,personal sin causa;;;;;
trabajo tiempo completo impidiendo asistir a clase,cruce academico laboral;;;;;
cuando decido retirarme me dirijo a las oficinas para saber si puedo continuar en la jornada de la noche pero me dicen que que no hay tegnologos en ese horario y  pregunto que si puedo realizar un tecnico a lo que me responden que no por que mi ideal es poder capacitarme en este caso por motivos laborales no puedo continuar muchas gracias,encontro un trabajo;;;;;
me permito informar que sali beneficiario a una beca en ingenieria energetica con la universidad autonoma del cauca y la compañia energetica de occidente,Mudanza;;;;;
motivos personales,problemas de salud publica;;;;;
actualmente estoy laborando la empresa en la que me encuentro me va a reubicar en otro sitio de trabajo por tal motivo ya no contaria con el tiempo necesario ,falta de interes en el programa;;;;;
la presente espara manifestar mi retiro del programa de formacion denominado electricidad industrial por el motivo de empleo ya que no tengo los requisitos para asistir a posibles clases,problemas familiares;;;;;
motivo traslado de sitio de vivienda ,problemas de salud publica;;;;;
me retiro debido a problemas personales y financieros vivo mas lejos del sena y mi situacion economica no esta muy bien para viajar ,cruce academico laboral;;;;;
por motivos de estenosis de la válvula aortica con insuficiencia severa gestante de 27 semanas con embarazo de alto riesgo,clima organizacional negativo;;;;;
temas personales ,Mudanza;;;;;
hola buenas tardes mi retiro es voluntario ya que el programa no se ajusta a lo que realmente quiero construir en un futuro para mi que es la gastronomía muchas gracias gracias por brindarme la oportunidad de pertenecer a esta institución,problemas economicos;;;;;
por motivos familiares y por falta de presupuesto de transporte inconformidad por parte del trato de el instructor hacia mi,clima organizacional negativo;;;;;
problemas de salud e inconformidad con los deficientes procesos de enseñanza aprendizaje que deficientemente aplican en dicha ficha,Mudanza;;;;;
motivos laborales a otra ciudad,problemas economicos;;;;;
por motivos personales ya que se presento falta de compañerismo falta de apoyo grupal exclusión en talleres lo que provoco una desmotivación académica,cruce academico laboral;;;;;
mi retiro es por motivo de cambio residencial,Mudanza;;;;;
por motivos económicos me retiro de la formacion ,problemas economicos;;;;;
me retiro por cambio de horarios en el trabajo el cual no me queda tiempo para realizar las actividades y tampoco a entrar a las respectivas clases,cruce academico laboral;;;;;
solicito reingreso al programa de formacion,causas desconocidas;;;;;
no pude continuar con mis estudios por problemas personales y económicos ,personal sin causa;;;;;
para hacer el retiro de la tecnología ya que mi trabajo me está impidiendo presentar a tiempo los trabajos,cruce academico laboral;;;;;
buen dia sena de manera cordial y respetuosa me dirigo a ustedes para realizar el proceso de retiro voluntario del programa de formacion virtual tecnologia gestion integral de transporte esto debido a calamidad de nivel personal que me impide continuar con el proceso de formacion agradezco muchisimo la oportunidad brindada espero poder continuar mis estudios en algun momento  quedo atenta muchas gracias,personal sin causa;;;;;
retiro por motivos personales,personal sin causa;;;;;
por motivos personales y economicos no pude continuar asistiendo a clases y desarrollar las actividades asignadas retomare en el momento oportuno la carrera,personal sin causa;;;;;
por motivos laborales en otro departamento,Mudanza;;;;;
solicitud retiro voluntario por motivos de que soy madre primeriza de una niña prematura con oxígeno ambulatorio y en el cual estoy en licencia de maternidad,problemas de salud publica;;;;;
por problemas economicos no pude seguir estudiando,problemas economicos;;;;;
buenas soy felipe marulanda jojoa estudiante de mantenimiento eléctrico y control electrónico de motores de la ficha 2669990 el presente escrito es para solitar el retiro voluntario ya que por situaciones personales dejaré el municipio y con eso el estudio gracias ,personal sin causa;;;;;
me quedaba muy duro estudiar y trabajar medio tiempo,horarios incompatibles;;;;;
según respuesta ciudadana 19-9-2024-000819 a la solicitud no 7-2024-001247 y 7-2024-001389 se realiza el traslado de programa a petición del aprendiz con el acta 003 del 1 de febrero de 2024,cambio de institucion;;;;;
por motivos personales ,personal sin causa;;;;;
el curso no cumplió con las expectativas que se tenía no tienen equipos el salón de la formación no es apto para nuestro aprendizaje ya que es antihigiénico,infraestructura inadecuada;;;;;
motivo cambio residencial y economico,Mudanza;;;;;
los tiempos entre universidad trabajo y mi proceso de formación me impiden llevar todos de manera adecuada por lo tanto me veo en la obligación de retirarme del sena,cruce academico laboral;;;;;
por motivo de trasporte porque vivo en puerto tejada y en ese horario se me hace dicifil el trasporte ,dificultad transporte;;;;;
por horario laboral,cruce academico laboral;;;;;
me retiro del programa de aprendizaje por motivos personales,personal sin causa;;;;;
por motivos de que no cuento con los recursos económicos para continuar en la formación,problemas economicos;;;;;
termino de contrato laboral,perdida laboral;;;;;
con autorización de la coordinación académica se registra la novedad del aprendiz para finalizar el proceso  según respuesta ciudadana 19-9-2023-001482 de la solicitud no 7-2023-031511 se realiza retiro voluntario del proceso de formación a petición del aprendiz ,causas desconocidas;;;;;
por motivos de motivos de salud de mi señora madre la cual esta a mi cuidado y no puedo continuar con la formación,carga familiar;;;;;
se retira por problemas de salud ,problemas de salud publica;;;;;
ausencia de varios meses por fuerza mayor,personal sin causa;;;;;
problema de fuerza mayor,personal sin causa;;;;;
la presente es para darle las gracias al sena pero me ha quedado complicado teniendo encuenta que es muy lejos y la salida muy tarde y no se encuentra transporte facil,dificultad transporte;;;;;
no puedo continuar debido a que tengo problemas de salud las cuales me impiden segir en la formación ,problemas de salud publica;;;;;
el motivo de mi retiro es que lastimosamente mi horario no me alcanza para poder cumplir junto a mis estudios universitarios pues el horario quedaría así: de 7 am a 7 pm no tendría tiempo para rendir adecuadamente en ambos programas (pregrado y técnico) así que he decido retirarme para en un futuro si dios quiere volver al sena ,horarios incompatibles;;;;;
gracias por la oportunidad ,causas desconocidas;;;;;
por motivos económicos ,problemas economicos;;;;;
por presentar al servicio militar no pude seguir con la formación ,personal sin causa;;;;;
por favor solicito amablemente mi retiro voluntario por motivo de que ingreso a la universidad y el horario se cruza,horarios incompatibles;;;;;
por motivos de traslado a otra ciudad donde fui seleccionado para jugar fútbol profesional en el país de guatemala,Mudanza;;;;;
cordial saludo realizo solicitud de retiro voluntario por motivos laborales,Laboral sin causa;;;;;
ingrese a la universidad y se me cruzan los horarios,horarios incompatibles;;;;;
por motivos de salud no puedo asistir al tecnico,problemas de salud publica;;;;;
mi motivo de retiro es porque me encuentro  muy mal economicámente ya que me toca todos los días pagar transportes arriendo alimentación no tengo un trabajo y no recibo ninguna ayuda económica mi familia era la única que me sustentaba pero no no pueden porque están en desplazamiento  forzado por grupos ilegales,problemas economicos;;;;;
tengo otros compromisos y no me permiten asistir porque vivo en popayan,horarios incompatibles;;;;;
por falta de tiempo realizo mi retiro voluntario,horarios incompatibles;;;;;
según comunicación electrónica con radicado número 19-9-2023-007157 del 28 de septiembre de 2023 a la solicitud con radicado número 7-2023-233565 y acta no 119 del 2 de octubre de 2023 se autoriza el traslado de jornada,horarios incompatibles;;;;;
según comunicación electrónica con radicado número 19-9-2023-007143 del 28 de septiembre de 2023 a la solicitud con radicado número 7-2023-233597 y acta no 119 del 2 de octubre de 2023 se autoriza el traslado de jornada,horarios incompatibles;;;;;
según comunicación electrónica con radicado número 19-9-2023-007139 del 28 de septiembre de 2023 a la solicitud con radicado número 7-2023-159797 y acta no 119 del 2 de octubre de 2023 se autoriza el traslado de jornada,horarios incompatibles;;;;;
según respuesta ciudadana 19-9-2023-008328 de la solicitud no 7-2023-271602 se realiza el retiro voluntario como es  programa de integración con la educación media académica no aplica ninguna sanción,causas desconocidas;;;;;
por motivos personales: ,personal sin causa;;;;;
por temas laborales no puedo continuar con la formación por que debo estar en constante salida de la ciudad ,Laboral sin causa;;;;;
por motivos laborales me atrase en la formación y no puedo seguir asistiendo con regularidad como venía haciéndolo ya que el trabajo es fuera de la ciudad ,Laboral sin causa;;;;;
solicito retiro voluntario de la formacion por motivos personales gracias  ,personal sin causa;;;;;
por traslado de ciudad ,Mudanza;;;;;
mi motivo por el cual me retiro es po r el trabajo ya que el tecnico es de luens a viernes nocturno y el sabado que es del 8 a 1 pm entonces la empresa no me da permiso ese dia por tal motivo me retiro,cruce academico laboral;;;;;
sufro episodios de ansiedad que estan siendo tratados por psiquiatria requiere tratamiento y a´poyo por pscicologia durante un periodo de tiempo,problemas de salud mental;;;;;
buenas tardes por motivos laborales no podre continuar el proceso de formación del programa: programación para analitica de datos,Laboral sin causa;;;;;
por motivos de falta de un interprete de lsc ya que mi hija es una persona sorda con diagnóstico de hipoacusia bilateral,falta de recursos para la comunicacion;;;;;
vinculación laboral,encontro un trabajo;;;;;
cordial saludo por motivos de salud mental me veo obligada a aplazar mi formación técnica estoy siendo atendida en la fundación opa servicios de salud mental por un por tiempo indefinido agradezco su comprensión espero retomara pronto mi formación ,problemas de salud mental;;;;;
por motivos personales y laborales pido aplazar por 3 meses la formación agradezco su atención ,Laboral sin causa;;;;;
se me dificulta por el tiempo,horarios incompatibles;;;;;
con autorización de la coordinación académica se autoriza la sanción cero con la no generación de certificado según acta 003 del 1 de febrero de 2024,causas desconocidas;;;;;
me retiro del programa  por situaciones economicas en mi hogar solicito retiro voluntario,problemas economicos;;;;;
segùn acta no 001 del 09 de enero de 2024 no se genera el certificado,causas desconocidas;;;;;
acta no 001 del 09 de enero de 2024 se realiza la noveda de no certificación,causas desconocidas;;;;;
calamidad ,personal sin causa;;;;;
me retoro del programa de formacion del sena no por gusto si no por cuestion de orden publico y por un problema que a sucedido en mi familia por el secuestro de mi hermano menor por ese motivo me toca retirarme de caloto cauca por lo cual se me hace imposible asistir a la formacion agradezco por la oportunidad y muchas gracias por la atencion prestada,personal sin causa;;;;;
según acta no 024 del 10 de abril de 2024 se condiciona la matrícula por un mes por bajo rendimiento académico y disciplinario,falta de interes en el programa;;;;;
la dirección con la que me matriculé era estrato 4 pero eso no quiere decir que yo lo sea pues me estaban dando posada debido a este estrato no pude acceder al subsidio utilicé todos mis ahorros en mi mantenimiento esperando a la convocatoria estuve intentando estudiar y trabajar a la vez pero no me quedo tiempo para desarrollar las actividades de la formación y quedaba demasiado cansado lo que afecto tremendamente mi rendimiento académico ,problemas economicos;;;;;
mi solicitud de retiro voluntario se debe a que desde mi enfoque personal no era lo que yo esperaba  ,falta de interes en el programa;;;;;
el motivo por cuestiones de salud fractura mano no puedo continuar con el operario,problemas de salud publica;;;;;
me retiro por falta de tiempo no quiero exponer a mis compañeras por faltas,horarios incompatibles;;;;;
me tengo que desplazar a otro municipio (palmira valle) por un motivo laboral,Mudanza;;;;;
retiro del proceso de formación por incapacidad emocional para el desarrollo del programa,problemas de salud mental;;;;;
el operario se va a realizar en el liceo donde me queda complicado asistir ya que me encuentro de posada en la paz pues me inscribí pensando que la formación iba a ser en el sena norte y el sitio es siempre retirado económicamente no tengo los recursos soy nueva en la ciudad ya que vengo de pedregal inzá cauca soy menor de edad y dependo de mis papás económicamente y legalmente ellos no me dan la autorización para desplazarme hacia ese lugar,dificultad transporte;;;;;
cambio de ciudad,Mudanza;;;;;
problemas de salud o familiar,problemas de salud publica;;;;;
no puedo continuar por motivos economicos por el momento me es indispensable continuar laborando tiempo completo gracias,problemas economicos;;;;;
por motivo de sostenimiento economico,problemas economicos;;;;;
por medio de cual  expreso la libre voluntad de hacer mi poceso de retiro voluntario debido a que aspire a enlistarme en las fuerzas militaresn colombia y arazon de ello es mi retir y gracias por la atención prestada,personal sin causa;;;;;
corro peligro en la zona donde vivo estoy amenazado de muerte ,personal sin causa;;;;;
el horario nocturno me es dificil llegar al igual que los sabados tengo compromisos,horarios incompatibles;;;;;
mi motivo de retiro voluntario por salud tengo pendiente cirugia de rodilla y la recuperacion es larga con terapias y demas agradezco alsena por su oportunidad de pertenecer a esta entidad,problemas de salud publica;;;;;
según comunicación electrónica con radicado número 19-9-2024-001264 del 23 de febrero de 2024 a la solicitud con radicado número 7-2024-044332 y acta no 003 del 1 de febrero de 2023 se autoriza el traslado de jornada,horarios incompatibles;;;;;
he tenido un cambio de horario en mi lugar de trabajo lo que lamentablemente no me permite asistir con normalidad a clase justo fui notificado la semana pasada y por más que hablé con mi jefe me confirmó que no es posible mover este horario agradezco mucho me ayuden con el retiro muchas gracias,cruce academico laboral;;;;;
problemas personales ,personal sin causa;;;;;
por motivos de enfermedad (peritonitis por apendicitis) la cual me generó una incapacidad de más de un mes,problemas de salud publica;;;;;
por motivos familiares,problemas familiares;;;;;
debido a problemas personales que me impide continuar,personal sin causa;;;;;
por cambio de ciudad,Mudanza;;;;;
por motivos personales ,personal sin causa;;;;;
retiro voluntario por motivos de seguridad y economia,personal sin causa;;;;;
calamidad domestica,problemas familiares;;;;;
se procede el retiro por cambio de residencia  municipio a mas de 2 horas de lugar del sitio por fuerza mayor se deja registro de lo dicho ,Mudanza;;;;;
la hora no es apta para mi lugar de residencia ya que vivo a las afueras del corregimiento y me es difícil por el transporte y orden público ,dificultad transporte;;;;;
retiro voluntario por cuestion laboral y tiempo,cruce academico laboral;;;;;
por motivos personales solicito el retiro y motivos de salud ,problemas de salud publica;;;;;
deseo realizar el retiro voluntario del programa ya que por motivos personales tengo que realizar un viaje a otra ciudad por lo cual voy a estar fuera de santander de quilichao por tiempo indefinido lo cual hace que no pueda asistir a clases ni tener el tiempo necesario para la formacion por eso realizo el retiro voluntario,Mudanza;;;;;
realizo el retiro voluntario por motivo de cambio de ciudad y me desempeñare en otras actividades diferentes,Mudanza;;;;;
no pude ingresar a la formación a tiempo ,problemas administrativos ;;;;;
debido a que no cuento estable mente con buenas condiciones de salud  y económicas tengo que suplir  las necesidades de mi niña y me queda muy difícil sacar también para los transportes  hasta que llegue del pagó  de la empresa que nos brinda el  patrocinio ,carga familiar;;;;;
me retiro por que ya habia hecho las practicas del anerior estudio y tendre que hacer pasantias y no sabia ,desconocimiento del programa;;;;;
el motivo del retiro voluntario es que estudie tecnico en mecanica industrial y estando en formación de otro tecnico especificamente de electricidad tuve conocimiento que no puedo hacer nuevamente practicas sino es por pasantia entonces debido a esta situación deseo hacer mi retiro voluntario y proximamente hacer mejor un tecnologo,desconocimiento del programa;;;;;
la mediante es para dar a conocer el motivo de mi retiro por los siguiente  obtuve una calamidad domestica donde mi padre sufrió un accidente laboral el cual le impide seguir trabajando dandome a si la responsabilidad de mi hermana y algunas otras ocupaciones que me impiden seguir con el proceso en el programa ,carga familiar;;;;;
calamidad domestica,personal sin causa;;;;;
debo trasladarme a otro municipio por motivos futbolísticos ,personal sin causa;;;;;
me retiro porque voy a prestar servicio militar,incorporacion a las fuerzas armadas;;;;;
por motivos laborales y de traslado no me es posible seguir asistiendo a la formación por lo cual voluntariamente me retiro  ,Mudanza;;;;;
retiro por motivos de salud personal ,problemas de salud publica;;;;;
no he podido asistir para hacer el retiro personalmente por que he tenido muchas diligencias medicas y mis recursos economicos se limitaron,problemas economicos;;;;;
por motivos de accidente en moto con traumatismo facial y craneoencefálico lo cual me llevo a la unidad de cuidados intensivos y a una incapacidad de más de 30 días continuo en recuperación en la parte visual y control con neurocirujanos,problemas de salud publica;;;;;
"cordial saludo por medio del presente me permito presentar la solicitud para el retiro del programa esta decisión la tomo por dos razones; la primera es que actualmente estoy presentando dificultades de salud; y la segunda por cuestiones laborales he visto reducida mi disponibilidad horaria estas dos razones generan que no pueda invertir el tiempo que requiere la formación razón por la cual prefiero presentar esta solicitud de retiro ofrezco disculpas por los inconvenientes que esta situación pueda generar agradezco su atención y estaré atento a sus comentarios,21;;;;;;;;;;;;;,problemas de salud fisica";;;;;
me retiro de este curso porque actualmente no tengo tiempo para cumplir con todas las actividades del curso quedo muy agradecida por esta oportunidad,horarios incompatibles;;;;;
se solicita el retiro voluntario por motivo de necesidades laborales que me reducen actualmente el tiempo disponible para ejecutar apropiadamente la formación,horarios incompatibles;;;;;
retiro por inconvenientes personales ,causas desconocidas;;;;;
agradezco la oportunidad pero no tiene el enfoque que esperaba ya tengo mi tecnología y esperaba poder complementar con este técnico pero veo que no va a ser así,falta de interes en el programa;;;;;
retiro por qué conseguí nuevo trabajo donde el horario no me permite dedicar tiempo requerido aparte de que en dicho trabajo me enviaron a hacer un curso intensivo de inglés por 6 meses,mejor oferta laboral;;;;;
pido aplazamieto del curso por tres mes por motivos laborales,aplazamiento del programa;;;;;
mi retiro es voluntario ya que no lleno las expectativas del curso las cuales eran: 1 iba a hacer un curso intensivo de desarrollo móvil lo cual no fue así puesto que los primeros trabajos fueron muy lejanos al tema 2 pensé que iba a hacer clases diarias con profesores dedicadas a ellas lo cual no es así ya que se tienen 3 tutores y hacen una reunión cada 8 o 15 dias,desconocimiento del programa;;;;;
deseo cambiar de regional debido a inconformidad con algunas situaciones de desarrollo del programa 2834796,problemas administrativos ;;;;;
mi perrito murio,problemas familiares;;;;;
buen día mi retiro se debe a que pensé que podía iniciar el técnico sin conocimientos pero veo que no ya se deben tener bases sobre el tema a mi parecer por ser virtual el instructor esta para acompañar el proceso mas no para enseñar para aquellos que no tenemos ningún conocimiento de igual forma agradezco la oportunidad de participar feliz dia,falta de interes en el programa;;;;;
causa de retiro  se me cruzan horarios de el colegio con los de el tecnico,falta de apoyo academico;;;;;
solicito mi retiro voluntario por motivos por traslado de ciudad,Mudanza;;;;;
el material complementario dado en el curso demanda mucho tiempo y desenfoca del objetivo principal de aprendizaje por otra parte las sesiones sincronicas no aportan conocimientos solo de dedican a describir la guia de aprendizaje,desconocimiento del programa;;;;;
derepsion situacion economica grave y falta de tiempo,problemas economicos;;;;;
por motivos bastante personales no podré seguir en la formación muchas gracias por todo pero no puedo seguir,problemas familiares;;;;;
 cordial saludo para todos mi retiro voluntario es por motivos económicos y de tiempo no me da para continuar con la formación de antemano agradezco su atención ,problemas economicos;;;;;
no me es posible continuar con el proceso de formación en éste momento fui despedido sin justa causa y me encuentro en busqueda de empleo nuevamente,perdida laboral;;;;;
en el momento me encuentro en proceso de divorcio lamentablemente no dispongo de tiempo y estoy pasando por algo de  medida de alejamiento con miexpareja por maltrato familiar  agradezco poder reiniciar en un tiempo prudencial  de ser posiblegracias,problemas familiares;;;;;
estoy trabajando y me cambiaron los horarios eventualmente y se me dificulta continuar con el programa por lo menos hasta enero del próximo año mes en el cual retomo los horarios laborales anteriores y podría continuar con el programa quedo atento muchas gracias por su atención,horarios incompatibles;;;;;
cordial saludo por motivos personales solicito aplazar el curso que no he podido realizar,aplazamiento del programa;;;;;
retiro por falta de tiempo para presentar las evidencias y asistir a las sesiones en línea durante el día por trabajo,horarios incompatibles;;;;;
en el momento no me encuentro domiciliado en la ciudad de popayan tampoco cuento con familiares que me brinden colaboracion para poder residir en dicha ciudad adicional a ello me inscribieron en el programa aun sabiendo que habia manifestado a los organizadores que no continuaba con el tramite,Mudanza;;;;;
es porque no puedo hacer mis prácticas por lo que tengo 16 años y aquí hay que comprar 18 son dos años más entonces por eso me retiro,desconocimiento del programa;;;;;
mi retiro es voluntario,causas desconocidas;;;;;
